"id","first_name","middle_name","last_name","contact_number","address","age","birthdate"
"1","Alana","Gay","Lara","9187635601","135 Andover Street Canal Winchester OH 43110","20","July 06 1999"
"2","Steve","Grave","Frank","9256632901","380 High Ave. Chevy Chase MD 20815","36","November 28 1983"
"3","Zain","Cole","Wiley","9094567872","9697 North Heather Drive Lake Villa IL 60046","25","March 06 1994"
"4","Jayden","Moss","Park","9983216791","7436 Adams Dr. Severn MD 21144","40","October 20 1979"
"5","Ricky","Joe","Ruiz","9220923119","749 County St. Buckeye AZ 85326","23","August 13 1996"
